{
  "lgb": {
    "accuracy": 0.5025,
    "precision": 0.5187,
    "recall": 0.4878,
    "f1": 0.5028,
    "roc_auc": 0.5049,
    "log_loss": 0.711,
    "confusion_matrix": [
      [
        10272,
        9558
      ],
      [
        10812,
        10299
      ]
    ],
    "model": "LightGBM"
  },
  "rf": {
    "accuracy": 0.5043,
    "precision": 0.517,
    "recall": 0.5886,
    "f1": 0.5505,
    "roc_auc": 0.5066,
    "log_loss": 0.6967,
    "confusion_matrix": [
      [
        8221,
        11609
      ],
      [
        8685,
        12426
      ]
    ],
    "model": "RandomForest",
    "feature_importances": {
      "ret_10": 0.03643032405366654,
      "ret_5": 0.036041119280673724,
      "ret_2": 0.03504590705021163,
      "ret_3": 0.03488473830929503,
      "ret_1": 0.03487791777629607,
      "vol_chg": 0.03421562118997997,
      "vol_ma_rat": 0.03396888107166259,
      "obv_ret": 0.03365318184633617,
      "lower_wick": 0.03344621330364897,
      "upper_wick": 0.03338575647231115,
      "mom5": 0.03212190083709468,
      "hl_spread": 0.032050201395595404,
      "body": 0.03197490700929048,
      "vol_ratio": 0.03155358843831302,
      "mom20": 0.030479022325319072,
      "mom10": 0.030109919934778236,
      "atr_pct": 0.03005984506190349,
      "vol5": 0.02976327160126223,
      "vol20": 0.029684363473027178,
      "willr": 0.029534693685758246,
      "bb_w": 0.02912781452759871,
      "stoch_rsi": 0.0279705117592271,
      "ma5_20": 0.027644098144298135,
      "ma10_50": 0.02734228495777823,
      "bb_pct": 0.02629776277715513,
      "rsi": 0.0262930309121331,
      "macd_hist": 0.02625883195511974,
      "p_ma20": 0.02399256871198354,
      "macd_sig": 0.023472955507614603,
      "macd": 0.022870923940034434,
      "atr": 0.021841973953114765,
      "ma50": 0.016788171011196236,
      "ma20": 0.015684295851809957,
      "ma5": 0.01565552055278166,
      "ma10": 0.015473403296559517,
      "sent_mean": 2.6933581078001997e-06,
      "sent_cnt": 1.5312196309540688e-06,
      "sent_pos_ratio": 1.3583861176761572e-07,
      "sent_neg_ratio": 1.1760882087892842e-07,
      "sent_std": 0.0,
      "sent_momentum": 0.0,
      "sent_vol": 0.0
    }
  },
  "gb": {
    "accuracy": 0.5074,
    "precision": 0.5183,
    "recall": 0.6331,
    "f1": 0.57,
    "roc_auc": 0.5071,
    "log_loss": 0.7025,
    "confusion_matrix": [
      [
        7406,
        12424
      ],
      [
        7745,
        13366
      ]
    ],
    "model": "GradientBoosting"
  },
  "ensemble": {
    "accuracy": 0.5073,
    "precision": 0.5205,
    "recall": 0.5652,
    "f1": 0.5419,
    "roc_auc": 0.5074,
    "log_loss": 0.6991,
    "confusion_matrix": [
      [
        8837,
        10993
      ],
      [
        9179,
        11932
      ]
    ],
    "model": "Ensemble",
    "weights": {
      "LightGBM": 0.332,
      "RandomForest": 0.334,
      "GradientBoosting": 0.334
    }
  },
  "n_rows": 584814,
  "tickers": 488,
  "trained_date": "2026-04-04",
  "feature_cols": [
    "ret_1",
    "ret_2",
    "ret_3",
    "ret_5",
    "ret_10",
    "ma5",
    "ma10",
    "ma20",
    "ma50",
    "ma5_20",
    "ma10_50",
    "p_ma20",
    "vol5",
    "vol20",
    "vol_ratio",
    "mom5",
    "mom10",
    "mom20",
    "rsi",
    "stoch_rsi",
    "macd",
    "macd_sig",
    "macd_hist",
    "bb_w",
    "bb_pct",
    "atr",
    "atr_pct",
    "willr",
    "vol_chg",
    "vol_ma_rat",
    "obv_ret",
    "hl_spread",
    "body",
    "upper_wick",
    "lower_wick",
    "sent_mean",
    "sent_std",
    "sent_pos_ratio",
    "sent_neg_ratio",
    "sent_cnt",
    "sent_momentum",
    "sent_vol"
  ],
  "use_news": true,
  "use_optuna": true
}