{
  "lgb": {
    "accuracy": 0.5014,
    "precision": 0.5139,
    "recall": 0.5082,
    "f1": 0.5111,
    "roc_auc": 0.501,
    "log_loss": 0.697,
    "confusion_matrix": [
      [
        15898,
        16277
      ],
      [
        16650,
        17208
      ]
    ],
    "model": "LightGBM"
  },
  "rf": {
    "accuracy": 0.5025,
    "precision": 0.5145,
    "recall": 0.5259,
    "f1": 0.5201,
    "roc_auc": 0.5016,
    "log_loss": 0.6964,
    "confusion_matrix": [
      [
        15374,
        16801
      ],
      [
        16053,
        17805
      ]
    ],
    "model": "RandomForest",
    "feature_importances": {
      "ret_10": 0.03924422604391172,
      "ret_5": 0.038574932770721104,
      "ret_2": 0.037012230703037344,
      "ret_3": 0.036928715699095185,
      "ret_1": 0.03690547027631168,
      "vol_chg": 0.035346270083411256,
      "vol_ma_rat": 0.03516818616551288,
      "upper_wick": 0.03399868536331577,
      "lower_wick": 0.03393091664233989,
      "mom5": 0.033754465156023365,
      "obv_ret": 0.032829660232985565,
      "vol_ratio": 0.03260030713085658,
      "hl_spread": 0.032563156184922754,
      "body": 0.03198711358119787,
      "mom20": 0.030700076924599723,
      "mom10": 0.0299920114849611,
      "atr_pct": 0.029618338076862715,
      "vol5": 0.029492058578280453,
      "willr": 0.02940482659143584,
      "vol20": 0.029239698422544286,
      "bb_w": 0.02835842887883621,
      "stoch_rsi": 0.027787692461230452,
      "ma5_20": 0.027596761477855235,
      "ma10_50": 0.027501834458813535,
      "rsi": 0.02570664652878132,
      "macd_hist": 0.0254716762132134,
      "bb_pct": 0.025411930969872012,
      "p_ma20": 0.02268398981199369,
      "macd_sig": 0.02260052714163373,
      "macd": 0.021731536601501723,
      "atr": 0.020463162208500772,
      "ma50": 0.014973066298234654,
      "ma5": 0.013534285193894664,
      "ma20": 0.013477728740616752,
      "ma10": 0.013409386902694817,
      "sent_mean": 0.0,
      "sent_std": 0.0,
      "sent_pos_ratio": 0.0,
      "sent_neg_ratio": 0.0,
      "sent_cnt": 0.0,
      "sent_momentum": 0.0,
      "sent_vol": 0.0
    }
  },
  "gb": {
    "accuracy": 0.5062,
    "precision": 0.515,
    "recall": 0.6349,
    "f1": 0.5687,
    "roc_auc": 0.5022,
    "log_loss": 0.7008,
    "confusion_matrix": [
      [
        11928,
        20247
      ],
      [
        12361,
        21497
      ]
    ],
    "model": "GradientBoosting"
  },
  "ensemble": {
    "accuracy": 0.5064,
    "precision": 0.5167,
    "recall": 0.5763,
    "f1": 0.5449,
    "roc_auc": 0.5019,
    "log_loss": 0.6968,
    "confusion_matrix": [
      [
        13925,
        18250
      ],
      [
        14347,
        19511
      ]
    ],
    "model": "Ensemble",
    "weights": {
      "LightGBM": 0.333,
      "RandomForest": 0.333,
      "GradientBoosting": 0.334
    }
  },
  "n_rows": 581769,
  "tickers": 486,
  "trained_date": "2026-06-18",
  "feature_cols": [
    "ret_1",
    "ret_2",
    "ret_3",
    "ret_5",
    "ret_10",
    "ma5",
    "ma10",
    "ma20",
    "ma50",
    "ma5_20",
    "ma10_50",
    "p_ma20",
    "vol5",
    "vol20",
    "vol_ratio",
    "mom5",
    "mom10",
    "mom20",
    "rsi",
    "stoch_rsi",
    "macd",
    "macd_sig",
    "macd_hist",
    "bb_w",
    "bb_pct",
    "atr",
    "atr_pct",
    "willr",
    "vol_chg",
    "vol_ma_rat",
    "obv_ret",
    "hl_spread",
    "body",
    "upper_wick",
    "lower_wick",
    "sent_mean",
    "sent_std",
    "sent_pos_ratio",
    "sent_neg_ratio",
    "sent_cnt",
    "sent_momentum",
    "sent_vol"
  ],
  "use_news": true,
  "use_optuna": true
}