{
  "lgb": {
    "accuracy": 0.5023,
    "precision": 0.5186,
    "recall": 0.5041,
    "f1": 0.5113,
    "roc_auc": 0.504,
    "log_loss": 0.6965,
    "confusion_matrix": [
      [
        17784,
        17767
      ],
      [
        18828,
        19143
      ]
    ],
    "model": "LightGBM"
  },
  "rf": {
    "accuracy": 0.5038,
    "precision": 0.5194,
    "recall": 0.5248,
    "f1": 0.5221,
    "roc_auc": 0.503,
    "log_loss": 0.6963,
    "confusion_matrix": [
      [
        17108,
        18443
      ],
      [
        18042,
        19929
      ]
    ],
    "model": "RandomForest",
    "feature_importances": {
      "ret_10": 0.039275121927022365,
      "ret_5": 0.03835961185870499,
      "ret_2": 0.03711625232423535,
      "ret_1": 0.03689128579477548,
      "ret_3": 0.036596230846633326,
      "vol_chg": 0.0352127067694965,
      "vol_ma_rat": 0.035169745592014114,
      "lower_wick": 0.034237804520671315,
      "mom5": 0.033965438565090524,
      "upper_wick": 0.033880558197165185,
      "obv_ret": 0.032838585498264225,
      "hl_spread": 0.03257003810512702,
      "vol_ratio": 0.03241216769561009,
      "body": 0.03179578606187309,
      "mom20": 0.030978356957127983,
      "mom10": 0.02996589460622727,
      "vol5": 0.029572329503649943,
      "willr": 0.029561389298438635,
      "atr_pct": 0.02950604788515067,
      "vol20": 0.02927714722849776,
      "bb_w": 0.028251222084401773,
      "stoch_rsi": 0.027983983602205786,
      "ma10_50": 0.027490738421231484,
      "ma5_20": 0.02741147776134904,
      "rsi": 0.02587762467857542,
      "macd_hist": 0.025484779065842282,
      "bb_pct": 0.02548024784030597,
      "p_ma20": 0.02282355052535833,
      "macd_sig": 0.022515721478849983,
      "macd": 0.021647550296789074,
      "atr": 0.020545523587253787,
      "ma50": 0.015073913049569707,
      "ma5": 0.01358804117590292,
      "ma20": 0.01351422932740431,
      "ma10": 0.013128897869184322,
      "sent_mean": 0.0,
      "sent_std": 0.0,
      "sent_pos_ratio": 0.0,
      "sent_neg_ratio": 0.0,
      "sent_cnt": 0.0,
      "sent_momentum": 0.0,
      "sent_vol": 0.0
    }
  },
  "gb": {
    "accuracy": 0.5076,
    "precision": 0.5185,
    "recall": 0.6541,
    "f1": 0.5785,
    "roc_auc": 0.505,
    "log_loss": 0.6994,
    "confusion_matrix": [
      [
        12483,
        23068
      ],
      [
        13133,
        24838
      ]
    ],
    "model": "GradientBoosting"
  },
  "ensemble": {
    "accuracy": 0.5052,
    "precision": 0.5188,
    "recall": 0.5789,
    "f1": 0.5472,
    "roc_auc": 0.505,
    "log_loss": 0.6961,
    "confusion_matrix": [
      [
        15159,
        20392
      ],
      [
        15990,
        21981
      ]
    ],
    "model": "Ensemble",
    "weights": {
      "LightGBM": 0.333,
      "RandomForest": 0.333,
      "GradientBoosting": 0.334
    }
  },
  "n_rows": 579006,
  "tickers": 484,
  "trained_date": "2026-07-14",
  "feature_cols": [
    "ret_1",
    "ret_2",
    "ret_3",
    "ret_5",
    "ret_10",
    "ma5",
    "ma10",
    "ma20",
    "ma50",
    "ma5_20",
    "ma10_50",
    "p_ma20",
    "vol5",
    "vol20",
    "vol_ratio",
    "mom5",
    "mom10",
    "mom20",
    "rsi",
    "stoch_rsi",
    "macd",
    "macd_sig",
    "macd_hist",
    "bb_w",
    "bb_pct",
    "atr",
    "atr_pct",
    "willr",
    "vol_chg",
    "vol_ma_rat",
    "obv_ret",
    "hl_spread",
    "body",
    "upper_wick",
    "lower_wick",
    "sent_mean",
    "sent_std",
    "sent_pos_ratio",
    "sent_neg_ratio",
    "sent_cnt",
    "sent_momentum",
    "sent_vol"
  ],
  "use_news": true,
  "use_optuna": true
}