{
  "lgb": {
    "accuracy": 0.5016,
    "precision": 0.516,
    "recall": 0.5159,
    "f1": 0.5159,
    "roc_auc": 0.5016,
    "log_loss": 0.6967,
    "confusion_matrix": [
      [
        12380,
        13068
      ],
      [
        13073,
        13931
      ]
    ],
    "model": "LightGBM"
  },
  "rf": {
    "accuracy": 0.5026,
    "precision": 0.5149,
    "recall": 0.5864,
    "f1": 0.5483,
    "roc_auc": 0.5024,
    "log_loss": 0.6973,
    "confusion_matrix": [
      [
        10528,
        14920
      ],
      [
        11170,
        15834
      ]
    ],
    "model": "RandomForest",
    "feature_importances": {
      "ret_10": 0.03640395487050928,
      "ret_5": 0.03598367990509183,
      "ret_2": 0.034994239796520145,
      "ret_3": 0.03499416238581957,
      "ret_1": 0.03497813453803181,
      "vol_chg": 0.03418783185035241,
      "vol_ma_rat": 0.034066819505940496,
      "obv_ret": 0.03370822066717881,
      "lower_wick": 0.03350475000480914,
      "upper_wick": 0.03340193650087049,
      "mom5": 0.032302143237667294,
      "body": 0.032006898610318295,
      "hl_spread": 0.03197424302750633,
      "vol_ratio": 0.03165960442512082,
      "mom20": 0.030368460018984765,
      "atr_pct": 0.030214402499066997,
      "mom10": 0.03010358447261953,
      "willr": 0.029711903749402625,
      "vol5": 0.029694487065081484,
      "vol20": 0.029694325356263308,
      "bb_w": 0.02900381408947289,
      "stoch_rsi": 0.027965239532945073,
      "ma5_20": 0.02746185810164702,
      "ma10_50": 0.02725906736182209,
      "bb_pct": 0.026424253089459268,
      "rsi": 0.026337112454766904,
      "macd_hist": 0.026286052346325993,
      "p_ma20": 0.02407031166111903,
      "macd_sig": 0.023422729948367124,
      "macd": 0.02276775105942244,
      "atr": 0.021582741068861804,
      "ma50": 0.0167123981162887,
      "ma20": 0.015655414362549417,
      "ma5": 0.015608084673660287,
      "ma10": 0.015489127173793998,
      "sent_cnt": 2.624723426369541e-07,
      "sent_mean": 0.0,
      "sent_std": 0.0,
      "sent_pos_ratio": 0.0,
      "sent_neg_ratio": 0.0,
      "sent_momentum": 0.0,
      "sent_vol": 0.0
    }
  },
  "gb": {
    "accuracy": 0.5078,
    "precision": 0.5171,
    "recall": 0.6663,
    "f1": 0.5823,
    "roc_auc": 0.5006,
    "log_loss": 0.7008,
    "confusion_matrix": [
      [
        8643,
        16805
      ],
      [
        9011,
        17993
      ]
    ],
    "model": "GradientBoosting"
  },
  "ensemble": {
    "accuracy": 0.5055,
    "precision": 0.5166,
    "recall": 0.6146,
    "f1": 0.5613,
    "roc_auc": 0.5017,
    "log_loss": 0.6967,
    "confusion_matrix": [
      [
        9915,
        15533
      ],
      [
        10407,
        16597
      ]
    ],
    "model": "Ensemble",
    "weights": {
      "LightGBM": 0.333,
      "RandomForest": 0.334,
      "GradientBoosting": 0.333
    }
  },
  "n_rows": 582095,
  "tickers": 486,
  "trained_date": "2026-05-08",
  "feature_cols": [
    "ret_1",
    "ret_2",
    "ret_3",
    "ret_5",
    "ret_10",
    "ma5",
    "ma10",
    "ma20",
    "ma50",
    "ma5_20",
    "ma10_50",
    "p_ma20",
    "vol5",
    "vol20",
    "vol_ratio",
    "mom5",
    "mom10",
    "mom20",
    "rsi",
    "stoch_rsi",
    "macd",
    "macd_sig",
    "macd_hist",
    "bb_w",
    "bb_pct",
    "atr",
    "atr_pct",
    "willr",
    "vol_chg",
    "vol_ma_rat",
    "obv_ret",
    "hl_spread",
    "body",
    "upper_wick",
    "lower_wick",
    "sent_mean",
    "sent_std",
    "sent_pos_ratio",
    "sent_neg_ratio",
    "sent_cnt",
    "sent_momentum",
    "sent_vol"
  ],
  "use_news": true,
  "use_optuna": true
}