{
  "lgb": {
    "accuracy": 0.5094,
    "precision": 0.4979,
    "recall": 0.5492,
    "f1": 0.5223,
    "roc_auc": 0.5149,
    "log_loss": 0.7021,
    "confusion_matrix": [
      [
        743,
        833
      ],
      [
        678,
        826
      ]
    ],
    "model": "LightGBM"
  },
  "rf": {
    "accuracy": 0.5042,
    "precision": 0.494,
    "recall": 0.6303,
    "f1": 0.5539,
    "roc_auc": 0.5206,
    "log_loss": 0.6954,
    "confusion_matrix": [
      [
        605,
        971
      ],
      [
        556,
        948
      ]
    ],
    "model": "RandomForest",
    "feature_importances": {
      "ret_3": 0.03621132173698714,
      "ret_10": 0.03618055954947563,
      "ret_5": 0.03570155170527255,
      "vol_chg": 0.035163477957579244,
      "ret_2": 0.0350321497732868,
      "ret_1": 0.0348652447243165,
      "lower_wick": 0.03475592022238425,
      "upper_wick": 0.03440364419975135,
      "obv_ret": 0.03421734764499111,
      "vol_ma_rat": 0.03406194101733931,
      "body": 0.03265440506645216,
      "hl_spread": 0.03210558470314419,
      "vol_ratio": 0.031883366679271365,
      "vol5": 0.030216439183584142,
      "mom5": 0.0301922943565009,
      "bb_w": 0.029520540646105504,
      "vol20": 0.02915426691650639,
      "atr_pct": 0.02893473758188718,
      "mom10": 0.028673413789108343,
      "mom20": 0.02864247322756022,
      "willr": 0.02858775523445829,
      "stoch_rsi": 0.027773353737216313,
      "macd_hist": 0.02670250062549375,
      "ma10_50": 0.0265860717983763,
      "ma5_20": 0.02647489047488638,
      "rsi": 0.025478166768610755,
      "bb_pct": 0.025325578082091536,
      "macd_sig": 0.023690732150202887,
      "atr": 0.023113529512667135,
      "macd": 0.022991528502471326,
      "p_ma20": 0.022897426929921333,
      "ma50": 0.01785414654178435,
      "ma10": 0.01683622726069714,
      "ma5": 0.016525900637718447,
      "ma20": 0.01652067785000253,
      "sent_cnt": 2.942731048575399e-05,
      "sent_mean": 2.626939624272647e-05,
      "sent_neg_ratio": 7.793173841065435e-06,
      "sent_pos_ratio": 6.162988788628162e-06,
      "sent_momentum": 1.180342538870864e-06,
      "sent_std": 0.0,
      "sent_vol": 0.0
    }
  },
  "gb": {
    "accuracy": 0.5201,
    "precision": 0.5069,
    "recall": 0.637,
    "f1": 0.5645,
    "roc_auc": 0.5199,
    "log_loss": 0.7154,
    "confusion_matrix": [
      [
        644,
        932
      ],
      [
        546,
        958
      ]
    ],
    "model": "GradientBoosting"
  },
  "ensemble": {
    "accuracy": 0.5169,
    "precision": 0.5043,
    "recall": 0.6263,
    "f1": 0.5587,
    "roc_auc": 0.5233,
    "log_loss": 0.6986,
    "confusion_matrix": [
      [
        650,
        926
      ],
      [
        562,
        942
      ]
    ],
    "model": "Ensemble",
    "weights": {
      "LightGBM": 0.331,
      "RandomForest": 0.335,
      "GradientBoosting": 0.334
    }
  },
  "n_rows": 48160,
  "tickers": 40,
  "trained_date": "2026-03-30",
  "feature_cols": [
    "ret_1",
    "ret_2",
    "ret_3",
    "ret_5",
    "ret_10",
    "ma5",
    "ma10",
    "ma20",
    "ma50",
    "ma5_20",
    "ma10_50",
    "p_ma20",
    "vol5",
    "vol20",
    "vol_ratio",
    "mom5",
    "mom10",
    "mom20",
    "rsi",
    "stoch_rsi",
    "macd",
    "macd_sig",
    "macd_hist",
    "bb_w",
    "bb_pct",
    "atr",
    "atr_pct",
    "willr",
    "vol_chg",
    "vol_ma_rat",
    "obv_ret",
    "hl_spread",
    "body",
    "upper_wick",
    "lower_wick",
    "sent_mean",
    "sent_std",
    "sent_pos_ratio",
    "sent_neg_ratio",
    "sent_cnt",
    "sent_momentum",
    "sent_vol"
  ],
  "use_news": true,
  "use_optuna": true
}