{
  "lgb": {
    "accuracy": 0.501,
    "precision": 0.4902,
    "recall": 0.5485,
    "f1": 0.5177,
    "roc_auc": 0.501,
    "log_loss": 0.7791,
    "confusion_matrix": [
      [
        718,
        858
      ],
      [
        679,
        825
      ]
    ],
    "model": "LightGBM"
  },
  "rf": {
    "accuracy": 0.5218,
    "precision": 0.5088,
    "recall": 0.5931,
    "f1": 0.5477,
    "roc_auc": 0.5244,
    "log_loss": 0.6937,
    "confusion_matrix": [
      [
        715,
        861
      ],
      [
        612,
        892
      ]
    ],
    "model": "RandomForest",
    "feature_importances": {
      "ret_3": 0.04000936098845788,
      "ret_10": 0.039976822767280366,
      "ret_5": 0.039949750427606005,
      "vol_chg": 0.039051077602210355,
      "ret_2": 0.038321240397566514,
      "ret_1": 0.03792485066132523,
      "lower_wick": 0.03669007020954146,
      "obv_ret": 0.036381075732789384,
      "upper_wick": 0.03614148781640247,
      "vol_ma_rat": 0.03612506637658807,
      "body": 0.03372658006251824,
      "vol_ratio": 0.03321712679114451,
      "hl_spread": 0.03224677759548268,
      "mom5": 0.03170747629742645,
      "vol5": 0.030341291245402798,
      "bb_w": 0.02946273201593468,
      "willr": 0.028926032997005094,
      "mom20": 0.028524193780801056,
      "vol20": 0.02821507480183584,
      "atr_pct": 0.027959786476317375,
      "mom10": 0.027793677457105342,
      "stoch_rsi": 0.02748775563971002,
      "macd_hist": 0.027337317037744727,
      "ma10_50": 0.02503160950325417,
      "ma5_20": 0.024963881707035604,
      "rsi": 0.024371202354202197,
      "bb_pct": 0.0235850332121881,
      "atr": 0.02254360611773671,
      "macd_sig": 0.021996634122016454,
      "macd": 0.021176979942461028,
      "p_ma20": 0.0200982571869829,
      "ma50": 0.01466212763070775,
      "ma20": 0.011732593589763054,
      "ma5": 0.011309342197608834,
      "ma10": 0.010963761525618659,
      "sent_mean": 2.741539929070421e-05,
      "sent_cnt": 1.6771430407619958e-05,
      "sent_pos_ratio": 4.158902529823491e-06,
      "sent_std": 0.0,
      "sent_neg_ratio": 0.0,
      "sent_momentum": 0.0,
      "sent_vol": 0.0
    }
  },
  "gb": {
    "accuracy": 0.5205,
    "precision": 0.5079,
    "recall": 0.5778,
    "f1": 0.5406,
    "roc_auc": 0.528,
    "log_loss": 0.7114,
    "confusion_matrix": [
      [
        734,
        842
      ],
      [
        635,
        869
      ]
    ],
    "model": "GradientBoosting"
  },
  "ensemble": {
    "accuracy": 0.511,
    "precision": 0.4994,
    "recall": 0.5652,
    "f1": 0.5303,
    "roc_auc": 0.5152,
    "log_loss": 0.7072,
    "confusion_matrix": [
      [
        724,
        852
      ],
      [
        654,
        850
      ]
    ],
    "model": "Ensemble",
    "weights": {
      "LightGBM": 0.323,
      "RandomForest": 0.338,
      "GradientBoosting": 0.34
    }
  },
  "n_rows": 48160,
  "tickers": 40,
  "trained_date": "2026-04-02",
  "feature_cols": [
    "ret_1",
    "ret_2",
    "ret_3",
    "ret_5",
    "ret_10",
    "ma5",
    "ma10",
    "ma20",
    "ma50",
    "ma5_20",
    "ma10_50",
    "p_ma20",
    "vol5",
    "vol20",
    "vol_ratio",
    "mom5",
    "mom10",
    "mom20",
    "rsi",
    "stoch_rsi",
    "macd",
    "macd_sig",
    "macd_hist",
    "bb_w",
    "bb_pct",
    "atr",
    "atr_pct",
    "willr",
    "vol_chg",
    "vol_ma_rat",
    "obv_ret",
    "hl_spread",
    "body",
    "upper_wick",
    "lower_wick",
    "sent_mean",
    "sent_std",
    "sent_pos_ratio",
    "sent_neg_ratio",
    "sent_cnt",
    "sent_momentum",
    "sent_vol"
  ],
  "use_news": true,
  "use_optuna": true
}