{
  "lgb": {
    "accuracy": 0.5017,
    "precision": 0.5184,
    "recall": 0.5074,
    "f1": 0.5128,
    "roc_auc": 0.5025,
    "log_loss": 0.6967,
    "confusion_matrix": [
      [
        16968,
        17269
      ],
      [
        18048,
        18588
      ]
    ],
    "model": "LightGBM"
  },
  "rf": {
    "accuracy": 0.5036,
    "precision": 0.5189,
    "recall": 0.5445,
    "f1": 0.5314,
    "roc_auc": 0.5036,
    "log_loss": 0.6973,
    "confusion_matrix": [
      [
        15744,
        18493
      ],
      [
        16687,
        19949
      ]
    ],
    "model": "RandomForest",
    "feature_importances": {
      "ret_10": 0.03645739259650949,
      "ret_5": 0.03609070430428181,
      "ret_3": 0.034984809512913044,
      "ret_2": 0.03493092900745558,
      "ret_1": 0.03487489626424032,
      "vol_chg": 0.03433005336328364,
      "vol_ma_rat": 0.03413299959252909,
      "obv_ret": 0.033785858774842005,
      "lower_wick": 0.03350428418987471,
      "upper_wick": 0.033368538448539625,
      "mom5": 0.032117895962737654,
      "hl_spread": 0.032090847048218324,
      "body": 0.032050208707481535,
      "vol_ratio": 0.03174639296189848,
      "mom20": 0.03044353282511782,
      "atr_pct": 0.03018110539755385,
      "mom10": 0.029948395986457876,
      "vol20": 0.029747378013815755,
      "vol5": 0.029642184421843402,
      "willr": 0.02954492351224145,
      "bb_w": 0.029036749481714957,
      "stoch_rsi": 0.027852820233164658,
      "ma5_20": 0.02757340660900229,
      "ma10_50": 0.027415524476764652,
      "rsi": 0.026317976383775164,
      "bb_pct": 0.026226779386309355,
      "macd_hist": 0.02617133112211734,
      "p_ma20": 0.02396591589935956,
      "macd_sig": 0.02349177853247541,
      "macd": 0.022819981773527672,
      "atr": 0.02152653116585484,
      "ma50": 0.016730267810584877,
      "ma20": 0.015733094403422895,
      "ma5": 0.015654822789748293,
      "ma10": 0.015509689040342516,
      "sent_mean": 0.0,
      "sent_std": 0.0,
      "sent_pos_ratio": 0.0,
      "sent_neg_ratio": 0.0,
      "sent_cnt": 0.0,
      "sent_momentum": 0.0,
      "sent_vol": 0.0
    }
  },
  "gb": {
    "accuracy": 0.509,
    "precision": 0.52,
    "recall": 0.6524,
    "f1": 0.5787,
    "roc_auc": 0.5046,
    "log_loss": 0.6996,
    "confusion_matrix": [
      [
        12172,
        22065
      ],
      [
        12734,
        23902
      ]
    ],
    "model": "GradientBoosting"
  },
  "ensemble": {
    "accuracy": 0.506,
    "precision": 0.5197,
    "recall": 0.5861,
    "f1": 0.5509,
    "roc_auc": 0.5042,
    "log_loss": 0.6963,
    "confusion_matrix": [
      [
        14390,
        19847
      ],
      [
        15162,
        21474
      ]
    ],
    "model": "Ensemble",
    "weights": {
      "LightGBM": 0.333,
      "RandomForest": 0.333,
      "GradientBoosting": 0.334
    }
  },
  "n_rows": 581814,
  "tickers": 486,
  "trained_date": "2026-07-03",
  "feature_cols": [
    "ret_1",
    "ret_2",
    "ret_3",
    "ret_5",
    "ret_10",
    "ma5",
    "ma10",
    "ma20",
    "ma50",
    "ma5_20",
    "ma10_50",
    "p_ma20",
    "vol5",
    "vol20",
    "vol_ratio",
    "mom5",
    "mom10",
    "mom20",
    "rsi",
    "stoch_rsi",
    "macd",
    "macd_sig",
    "macd_hist",
    "bb_w",
    "bb_pct",
    "atr",
    "atr_pct",
    "willr",
    "vol_chg",
    "vol_ma_rat",
    "obv_ret",
    "hl_spread",
    "body",
    "upper_wick",
    "lower_wick",
    "sent_mean",
    "sent_std",
    "sent_pos_ratio",
    "sent_neg_ratio",
    "sent_cnt",
    "sent_momentum",
    "sent_vol"
  ],
  "use_news": true,
  "use_optuna": true
}