{
  "lgb": {
    "accuracy": 0.513,
    "precision": 0.5012,
    "recall": 0.5406,
    "f1": 0.5202,
    "roc_auc": 0.5177,
    "log_loss": 0.7014,
    "confusion_matrix": [
      [
        767,
        809
      ],
      [
        691,
        813
      ]
    ],
    "model": "LightGBM"
  },
  "rf": {
    "accuracy": 0.5088,
    "precision": 0.4976,
    "recall": 0.6164,
    "f1": 0.5506,
    "roc_auc": 0.5196,
    "log_loss": 0.696,
    "confusion_matrix": [
      [
        640,
        936
      ],
      [
        577,
        927
      ]
    ],
    "model": "RandomForest",
    "feature_importances": {
      "ret_10": 0.03620618141360311,
      "ret_5": 0.03599395527150177,
      "ret_3": 0.035963981959218926,
      "ret_2": 0.03513705709580911,
      "vol_chg": 0.03510372664378851,
      "ret_1": 0.03465505495844267,
      "vol_ma_rat": 0.03441720838072794,
      "lower_wick": 0.034303093731247014,
      "obv_ret": 0.034146016705101555,
      "upper_wick": 0.03387896485081504,
      "body": 0.032335764516350674,
      "vol_ratio": 0.03182475333037297,
      "hl_spread": 0.031667175706134094,
      "mom5": 0.030997048050141973,
      "vol5": 0.029999455276216894,
      "bb_w": 0.029320008406455152,
      "vol20": 0.029104002510714138,
      "mom10": 0.028780578137912828,
      "atr_pct": 0.02875238218703408,
      "willr": 0.028467121447119676,
      "mom20": 0.028263065843986555,
      "stoch_rsi": 0.02763335400007548,
      "macd_hist": 0.02705302596126363,
      "ma10_50": 0.02638271053401801,
      "ma5_20": 0.026320574943601134,
      "bb_pct": 0.025310969428265516,
      "rsi": 0.02510568347862084,
      "macd_sig": 0.023941279231695107,
      "p_ma20": 0.023388114329764374,
      "macd": 0.023125211619428883,
      "atr": 0.023119098374255145,
      "ma50": 0.018093712701834394,
      "ma20": 0.01721216337799205,
      "ma5": 0.01713195056905643,
      "ma10": 0.016865555027434448
    }
  },
  "gb": {
    "accuracy": 0.5133,
    "precision": 0.5011,
    "recall": 0.7374,
    "f1": 0.5967,
    "roc_auc": 0.5279,
    "log_loss": 0.6957,
    "confusion_matrix": [
      [
        472,
        1104
      ],
      [
        395,
        1109
      ]
    ],
    "model": "GradientBoosting"
  },
  "ensemble": {
    "accuracy": 0.5133,
    "precision": 0.5013,
    "recall": 0.625,
    "f1": 0.5564,
    "roc_auc": 0.5237,
    "log_loss": 0.6952,
    "confusion_matrix": [
      [
        641,
        935
      ],
      [
        564,
        940
      ]
    ],
    "model": "Ensemble",
    "weights": {
      "LightGBM": 0.331,
      "RandomForest": 0.332,
      "GradientBoosting": 0.337
    }
  },
  "n_rows": 48160,
  "tickers": 40,
  "trained_date": "2026-04-03",
  "feature_cols": [
    "ret_1",
    "ret_2",
    "ret_3",
    "ret_5",
    "ret_10",
    "ma5",
    "ma10",
    "ma20",
    "ma50",
    "ma5_20",
    "ma10_50",
    "p_ma20",
    "vol5",
    "vol20",
    "vol_ratio",
    "mom5",
    "mom10",
    "mom20",
    "rsi",
    "stoch_rsi",
    "macd",
    "macd_sig",
    "macd_hist",
    "bb_w",
    "bb_pct",
    "atr",
    "atr_pct",
    "willr",
    "vol_chg",
    "vol_ma_rat",
    "obv_ret",
    "hl_spread",
    "body",
    "upper_wick",
    "lower_wick"
  ],
  "use_news": false,
  "use_optuna": true
}