{
  "lgb": {
    "accuracy": 0.5005,
    "precision": 0.5134,
    "recall": 0.5048,
    "f1": 0.509,
    "roc_auc": 0.5003,
    "log_loss": 0.7099,
    "confusion_matrix": [
      [
        14918,
        15161
      ],
      [
        15691,
        15993
      ]
    ],
    "model": "LightGBM"
  },
  "rf": {
    "accuracy": 0.5022,
    "precision": 0.514,
    "recall": 0.5433,
    "f1": 0.5282,
    "roc_auc": 0.5014,
    "log_loss": 0.6976,
    "confusion_matrix": [
      [
        13802,
        16277
      ],
      [
        14470,
        17214
      ]
    ],
    "model": "RandomForest",
    "feature_importances": {
      "ret_10": 0.03646864731003805,
      "ret_5": 0.03610897871405323,
      "ret_2": 0.03498640017739763,
      "ret_3": 0.034970572372534314,
      "ret_1": 0.03496605354343524,
      "vol_chg": 0.03431543807611779,
      "vol_ma_rat": 0.034130736688565894,
      "obv_ret": 0.03376688846073344,
      "lower_wick": 0.033476473023322934,
      "upper_wick": 0.033439892897046124,
      "mom5": 0.032140319627765174,
      "hl_spread": 0.03212191471675156,
      "body": 0.031959862174338216,
      "vol_ratio": 0.03174879364028446,
      "mom20": 0.03040876811181201,
      "atr_pct": 0.03018672494370537,
      "mom10": 0.03001437679153153,
      "vol20": 0.029728745411433936,
      "vol5": 0.029663159242314868,
      "willr": 0.029469326471256763,
      "bb_w": 0.02902816821281349,
      "stoch_rsi": 0.02789831539603951,
      "ma5_20": 0.02754107149899465,
      "ma10_50": 0.02736611872003753,
      "bb_pct": 0.026281959100460058,
      "macd_hist": 0.026280622710740796,
      "rsi": 0.02620979998685784,
      "p_ma20": 0.023895616223523035,
      "macd_sig": 0.02340718486638645,
      "macd": 0.02271727983205993,
      "atr": 0.021546411200676074,
      "ma50": 0.01676185610522344,
      "ma5": 0.015691848107636883,
      "ma20": 0.015678082868148212,
      "ma10": 0.015623515262908104,
      "sent_cnt": 7.751305535345732e-08,
      "sent_mean": 0.0,
      "sent_std": 0.0,
      "sent_pos_ratio": 0.0,
      "sent_neg_ratio": 0.0,
      "sent_momentum": 0.0,
      "sent_vol": 0.0
    }
  },
  "gb": {
    "accuracy": 0.5049,
    "precision": 0.5142,
    "recall": 0.6317,
    "f1": 0.5669,
    "roc_auc": 0.5013,
    "log_loss": 0.7006,
    "confusion_matrix": [
      [
        11167,
        18912
      ],
      [
        11668,
        20016
      ]
    ],
    "model": "GradientBoosting"
  },
  "ensemble": {
    "accuracy": 0.5014,
    "precision": 0.5129,
    "recall": 0.5589,
    "f1": 0.5349,
    "roc_auc": 0.501,
    "log_loss": 0.6993,
    "confusion_matrix": [
      [
        13259,
        16820
      ],
      [
        13975,
        17709
      ]
    ],
    "model": "Ensemble",
    "weights": {
      "LightGBM": 0.333,
      "RandomForest": 0.334,
      "GradientBoosting": 0.334
    }
  },
  "n_rows": 583372,
  "tickers": 487,
  "trained_date": "2026-06-05",
  "feature_cols": [
    "ret_1",
    "ret_2",
    "ret_3",
    "ret_5",
    "ret_10",
    "ma5",
    "ma10",
    "ma20",
    "ma50",
    "ma5_20",
    "ma10_50",
    "p_ma20",
    "vol5",
    "vol20",
    "vol_ratio",
    "mom5",
    "mom10",
    "mom20",
    "rsi",
    "stoch_rsi",
    "macd",
    "macd_sig",
    "macd_hist",
    "bb_w",
    "bb_pct",
    "atr",
    "atr_pct",
    "willr",
    "vol_chg",
    "vol_ma_rat",
    "obv_ret",
    "hl_spread",
    "body",
    "upper_wick",
    "lower_wick",
    "sent_mean",
    "sent_std",
    "sent_pos_ratio",
    "sent_neg_ratio",
    "sent_cnt",
    "sent_momentum",
    "sent_vol"
  ],
  "use_news": true,
  "use_optuna": true
}